Sathish01072000@gmail.com,Sathish@7
Arun19@gmail.com,ArunJosh@19
Sanjay6111@gmail.com,Sanjay@6111
Varma18@gmail.com,Varma@18
Kalki23@gmail.com,Kalki@23
Shiyam18@gmail.com,Shiyam@18
Kishore22@gmail.com,Kishore@22
